Sales_Amount,Units_Sold,Discount,Customer_Rating
1442.4710135623918,6,0.280327787439623,1.0278844620539767
5475.0458853380305,4,0.16779136435732306,2.7686461791317445
6438.991309716786,3,0.29571858939845735,1.7954448550698952
4824.197627691576,9,0.08411189561324123,2.6077950702335677
3299.236160816641,5,0.2833494890679745,2.265709422842136
4701.413216766972,19,0.31632364592636136,2.1722908145131616
3868.7292240502456,7,0.15639620813116406,2.832093048493653
6094.696198531346,10,0.25382699800657127,1.1860823999409926
5065.00104579372,12,0.06843577697153141,4.795855756367707
7757.279570205573,7,0.10583420303288782,3.788777847463055
2567.035790069374,3,0.23970310113746618,4.6793874697302735
5667.128150804271,15,0.3779328185937346,2.485861040314331
7158.2749016468215,2,0.12157776982735469,1.0817729403444143
824.1548861737592,2,0.33581033148541894,4.866228993608413
5495.927633856193,13,0.014648961205401989,4.467287365778471
4788.796693099491,11,0.49728954703318506,4.539089424088855
4905.65966591531,1,0.15485721701463606,1.5952840257947423
3873.6896982134836,11,0.27163096199464365,3.22457268671385
4259.338325417989,8,0.39056132965672996,3.3725857349699737
4092.2876844420207,1,0.30060504739124194,4.4723323267880115
5107.428620117654,8,0.18297854349128312,1.719825999254362
4958.963039309467,1,0.41579717040438846,4.160613275061004
6716.935553597222,6,0.036726021986299984,3.8142848983188182
5086.238603942518,15,0.0963362879737158,3.742333680273853
3632.843739327335,1,0.4718260725685345,3.106406509968222
3672.8370973500478,10,0.1690364385910038,3.597242223240012
5102.586111465069,11,0.26043152683507753,2.7701435925009132
5389.582437649376,20,0.44340661238170603,4.885236123117002
6435.0222549589125,4,0.1513924643807546,4.633971770519045
4111.686453667054,18,0.459441234814931,3.2622081467686557
5239.073352002124,9,0.41874623243220266,3.33886885819594
8451.53684229642,11,0.3899532471400027,3.446022035656438
5287.023424531914,17,0.35031816131303695,3.8298050464145517
3941.1975617160388,17,0.010397735046508705,1.3723691415744521
2767.489816313772,14,0.06182486270620269,1.538628132710294
4278.295527779976,20,0.2590899613082483,1.4137971690571272
4985.828596586455,6,0.44101123066014,2.449752054819406
4850.764253886374,9,0.30527442945371924,4.786868108478826
4134.71991289874,13,0.3296060942010555,4.879926060339439
4527.2125218430565,20,0.09454705494966942,2.0806724043024563
1434.2358277133658,12,0.26014211561852674,1.5963403168071881
3264.0689940340117,16,0.26366556706559746,3.4248773039456912
5392.713969530122,15,0.37410854413784655,4.368607945635274
5351.180714031221,11,0.27771522628714573,2.0545715539191693
4539.663869703124,4,0.206161379364376,4.9265377952673735
5563.629100382853,7,0.24661019599820805,2.748655069934165
6957.463641733673,17,0.4218858443490406,2.8262691709846615
4500.413142581608,19,0.13609236624121746,1.9260586291925925
4658.518413342997,1,0.23996662523124906,2.9125550722009166
4221.592059880841,7,0.35769649373650997,2.5579939751860437
4346.021509046247,18,0.34679796956828896,4.57019729826898
5580.807367028828,13,0.3001475738565472,3.221589651665485
2636.771296772154,16,0.033226523396523655,4.650182464241201
5039.174323290973,9,0.19792424215859405,2.349041861876655
3374.0057403114033,16,0.09634461323357774,3.847484923449209
5336.512480699392,9,0.4319337960732497,2.554210158808821
6839.260796158366,13,0.03086299953539917,3.034745919292965
4033.6279352811043,7,0.347575625301737,3.831782131736158
4127.45049854251,17,0.09675438412513881,3.540273020277586
2659.0745930241233,18,0.19573520809672973,4.705400018152073
6543.246301178092,5,0.34384531550759734,4.292611235966499
5380.123808757758,14,0.07833840499571809,1.5314617995969337
1909.1110568146614,8,0.4503072437646171,4.537988760780292
3853.878716660037,9,0.12191983438555853,2.9304826291817183
6233.9132621115505,13,0.274809881079574,4.266189327991282
2681.100794046891,7,0.3808416247592918,4.336965271431495
4280.233197227139,5,0.3474328680612805,1.170370824372593
6794.822850131064,3,0.4301925138426038,3.536566201840167
4074.1558310446935,6,0.2635761654297753,1.3780663886664022
7570.851566813541,5,0.08418740141155945,3.2658033851191592
3342.4585499249597,17,0.04591087375432151,2.2697998345535706
3413.1865620171466,20,0.19519479098535003,2.1969136727632983
6542.785415448443,13,0.1858896072716072,1.4476776923756187
4161.850769332618,10,0.11911257429638306,3.288863759917049
5934.453107563822,10,0.2685080259052207,3.2806212187818318
2769.136837021472,5,0.2023261997125751,1.03016040047601
5752.254550243447,17,0.25950968932396284,1.0982631375452865
4548.965430859959,4,0.011970775804048817,2.127532362900494
5010.486556488608,8,0.3001806575886548,4.16244622827079
6292.812865570643,17,0.28084549818386273,1.3354237645293416
7778.633571685919,17,0.07545770721551959,2.1664564775421704
5744.503036280443,5,0.21336209891225144,3.669445280907254
4028.9706720345175,6,0.371294977329195,4.42769909119763
6195.936649578295,19,0.09766759199402414,4.4947996058476045
7859.873263214411,10,0.22670627279801925,4.682203641854866
2255.116635547198,7,0.13214256448466521,1.8144397730620279
4075.4869216292527,7,0.13247397178339942,4.777185365571825
5834.104854261678,10,0.3599628583332707,1.2720725499758534
6829.691535446532,7,0.46364709575501656,4.029208070928538
4156.493442510302,18,0.17002091218994952,3.287287673383346
5426.115437557044,19,0.26185058620905116,3.9730755096658434
5513.32843927764,19,0.2447192849605183,4.93309018432692
5599.37912569301,17,0.2669728712981111,3.711276017741407
4857.831045834759,15,0.4904992467970646,1.2424098805195585
4950.2053664645,8,0.1216242128142424,2.1099912571704995
6855.448925722356,8,0.14526531895604078,3.96112785764012
2685.0166047320245,20,0.26562475950133896,1.1018171211323269
4422.085213711871,8,0.4286253273910861,4.945126364047651
6615.612990104418,19,0.4650987725750673,2.0559598107461743
968.9501012579385,1,0.03388228987405845,1.9845919665299996
4207.780217643517,16,0.28379519747315135,4.030432556605069
5657.710353408742,11,0.1742354608791183,1.4198337076463847
5798.620368507685,16,0.17027944554356167,1.936307533859606
4369.341349258088,3,0.38743400756925034,4.170878529476743
4715.026431265975,19,0.4719629129478872,3.4998011934891187
5523.2850926326355,2,0.42283870324582545,2.7876581686935316
6153.168235645106,5,0.2705477663886394,4.236918829029358
4452.607608192733,11,0.2587830478074834,4.586526877132706
7011.547788050384,6,0.3476665305387433,3.199717312371016
4863.026869237559,6,0.2793712986498957,3.706691031839941
7833.298577185029,6,0.3901534718048251,2.716919563230087
4440.458383640435,17,0.3703357076970169,2.911252980345811
2736.5573273513623,9,0.07924083301186835,3.1368574679066255
2711.976695875905,4,0.27004121773247086,4.9629014438564365
6409.232956178796,11,0.32032502750634534,1.6859326198003308
6640.645994070122,7,0.10943135288293593,1.5446156421764283
7585.550375734172,11,0.061628296993102516,3.9892595833320232
5843.852530323718,9,0.017419059499409917,2.4525983713441173
2244.8706717614778,17,0.0783047473311444,3.1578622463761823
5416.934928678119,6,0.4854774871600528,1.2941271156088754
4470.984922591246,14,0.4360075903959528,4.988462474802974
5163.425724149792,9,0.03461583602069185,3.963816891053123
4579.7847158742525,13,0.054557315455777466,1.051014915058298
3107.3694854513506,11,0.408791823367006,3.2645183681013443
2236.275899855437,2,0.24320779960780176,1.792335887791829
5666.279294570535,20,0.10816708433650146,4.57512481990914
4875.1468528300775,1,0.2966175484648568,1.8232855797152379
3566.223741177404,15,0.18077759347950023,4.757945595136464
6329.0649970335735,3,0.3310497318692961,2.8865465041568217
7030.728082882306,11,0.09343859432911256,3.301067419273474
4795.431741750447,5,0.10622575933661049,2.321421465250356
5540.276430924348,11,0.4021703529826212,2.758885318452146
3106.556511702892,11,0.37905734167008376,1.218774614253452
6780.004955779868,3,0.35769085289821717,1.7813098009119903
6769.296188581679,20,0.4723864076622119,4.4367614001488915
4212.429754678346,11,0.423665309785139,1.8394854978880923
5440.480580634683,13,0.49140537588160405,2.966359969678685
3024.0510568634786,9,0.2865098828114101,3.92221754862516
4937.951834300164,16,0.29837623887560594,1.0680941880899981
6521.545576462733,4,0.39605245514155774,1.867954280139239
5779.849304588959,6,0.22755210179460683,1.4348632119844127
4947.401700507368,14,0.42965106027977545,2.8315269972845103
7410.2930701514615,7,0.2597320125676572,3.7821791987852627
4026.454066275016,9,0.47775785177713387,3.362083748149748
3156.6456048882765,19,0.4808427940725149,2.771095215720459
4676.976758862555,7,0.09559863088864734,2.2237444608154946
4535.105269338464,6,0.17659257237890236,1.954238927189817
4660.524601797756,2,0.3836588711176406,3.5173499135842614
5691.46689500229,19,0.28400173140772556,1.012483304949349
5834.368724397025,20,0.0683352101420126,4.941110106163682
5389.546342559262,11,0.472856440255693,3.0974754773770368
3879.621675265281,2,0.4499085332092622,4.2453209987136225
4806.364887864891,13,0.22421851370051832,4.165992206244547
5303.620587098678,13,0.12301999617537379,1.2969471927478695
5961.647010384303,14,0.0743289350901879,3.8963603516575436
1889.5292118644234,18,0.1679891134008299,2.2084761181155224
4350.915760226795,7,0.37826219243481796,4.057085618942428
4026.4494540652527,20,0.25296630465544256,4.6152413340849145
5641.159471849781,19,0.4927234592082835,3.1461860948011404
3799.0481682645755,11,0.4383130170402466,2.7140355082706384
4353.291451466754,15,0.265979247445797,4.384417875893732
5310.781566472196,20,0.33268405930890915,3.309493659817102
5801.581480662184,9,0.2762809326986296,3.3792273454133963
3531.0324989871715,5,0.10315940027137582,3.9884478024588854
3630.5626372233655,3,0.10656604808637221,1.6562577311285773
4094.048533288921,13,0.2859577894202638,3.9860522447379068
6140.727386825779,9,0.0511550479974518,4.592746718149855
5623.843765038003,1,0.33106603817260044,3.8402532193761503
6925.662607183399,11,0.472189467112609,2.5686332589429663
4725.21569644257,1,0.3523120515673864,2.9502156241666246
2807.590751736177,17,0.15366465706825244,3.6851736565234363
3203.652524278883,10,0.2973999196081939,2.2608547724938437
5682.297854184784,1,0.4312067921616764,1.6175456483826962
6116.071091656263,13,0.15744897292769322,4.394106884688259
4887.525636730657,14,0.3894992398978004,4.036325832394304
3803.7586090605027,20,0.252321042086151,3.026523718969762
5544.779868987935,6,0.10459648013168787,1.7314491636022047
6016.163834081525,10,0.44887656980700635,3.131499081084255
3789.383331151066,11,0.38746595021838,3.8649425808394695
7524.261821552704,15,0.4244647207317958,1.753974322983793
4320.05734412003,20,0.05462702677652631,1.0885488852689322
7692.18264783279,7,0.08968996612256386,2.159193537082478
3240.0888389690085,11,0.3987338885022533,2.727371291414448
3703.2651691713754,15,0.44194136229499986,4.997262054967653
3551.6010685484343,14,0.020124338507976847,2.155272512305681
3583.1028407608246,8,0.14010663872838247,2.913470837745583
2636.6188000853995,19,0.3138356963913855,2.4582195261812676
4502.888540649756,15,0.39168169802204233,3.201802588198854
6599.650413470116,17,0.4447466315365005,4.287409276112484
5150.392516172497,9,0.18984483810835506,2.438229189415241
4376.256931737229,5,0.032660857299804724,1.5197741409736523
3622.8626232521883,6,0.1262945330558337,1.2567552529818213
4291.8425846978,20,0.10465363852708237,4.858349655932239
3834.2734495517816,10,0.01640513045921238,4.032675905592258
6855.741432883788,15,0.2609814685059037,2.3082283977840663
6316.949040951318,2,0.1978673296244347,3.859201874284189
4621.44863043582,10,0.24849765534863427,3.751131937414614
8083.267124815835,7,0.36275596346000694,2.394568344362911
5582.69078327436,12,0.40807909496232037,1.9249916969722798
4684.466727015813,19,0.33699337426910764,1.7194748728879632
4509.806358397095,1,0.09027450853849428,4.9865327945872835
5438.341039333142,9,0.12325075413428155,2.2548737927088487
3906.630574781466,14,0.303598658655797,4.550499705915614
3749.710015874647,2,0.16258911866080877,2.9083879120217775
4480.554130215288,19,0.3511782846906573,1.2342017789832114
3805.3669291132614,3,0.42510714778998127,3.386323901417163
3736.3793478065327,4,0.4124243875016733,4.164564938010164
5823.421630190793,2,0.4860230822197897,4.649776633344594
1793.3551782323166,19,0.0277602874252888,3.7319392595705643
2493.1394668390276,17,0.31478470122057434,4.610763336713788
8782.894130206281,13,0.2926662397986009,4.979909682665468
4787.882085956905,11,0.2876597923302555,2.5108989479772443
3846.123931711353,5,0.11891207804769899,3.904232340414664
3696.053969114477,19,0.003454180385132788,2.490381439393087
6345.037216401343,1,0.18167478145969146,3.614267530973243
4998.499424831408,9,0.1166536075826885,4.213782865034885
5901.62030579264,19,0.04734961716862962,3.1890553519070015
4501.221371520106,1,0.06986721877505675,1.7181944179969921
6738.436818634779,20,0.19413258688141977,1.8175772294014099
3117.4602476425634,12,0.4557239744582129,1.794099022541662
5412.115216410119,4,0.18637182143746656,3.411220080645061
4517.10937912915,1,0.08367597831218332,4.729520143884485
5887.049046193268,20,0.44177870070866343,2.3320192157530846
5879.623761328405,19,0.09153928385441251,2.437810547872047
7477.981855142076,16,0.4624605953006465,2.7509374718438844
5833.408452206205,11,0.22103891490630534,1.3061115954769416
2691.3841726194887,15,0.22800200456418762,1.9309787187009757
6178.34568747782,9,0.28329185469165163,2.83512145787956
3784.04415937693,19,0.32218443170131544,1.1359639052106938
6171.866070207135,2,0.44087649220754505,3.8194371807866903
4397.267027208714,8,0.2565791613435366,3.8456327336657723
2415.703913315275,14,0.37401067240762575,1.1332297204944135
2246.1429156027402,11,0.13916510777280344,3.600906993314544
6186.466592721439,17,0.1697871873921027,3.7744023978411514
4632.470378544075,9,0.18872394261717196,4.5925614965276615
3622.9354074821545,7,0.29524536542628266,4.841727600707624
3285.2112804868248,4,0.37979379970990873,3.9101306389824164
5757.005361711616,13,0.30329964368520723,2.132912531873609
4930.888433958042,16,0.07766086329576327,4.920789960505768
1031.1933921937239,14,0.40897001677323097,1.0242173152564056
4528.435804402364,16,0.34706063443988033,1.5293489870403079
4786.5659790276495,9,0.2946456962121977,1.2527927824203955
4792.227355947193,11,0.07971228332993557,4.201904716590759
5524.174323747968,16,0.005728706696951691,3.6341564911010846
5751.006140604,2,0.3637514292926412,1.247822252319069
2141.9190046557706,12,0.2874958698599592,2.545336714403799
6503.594098698286,1,0.30478428064524465,2.751181095790263
5322.322056734469,11,0.28663585917539175,1.0977295589647769
6178.453638032486,6,0.057058695356354494,4.012547311474856
5603.3482449662515,12,0.48556655686431927,3.7473157556188212
3943.303796273578,2,0.4771197749849807,1.9990681448697494
5114.662314978771,9,0.4887349462657718,1.5094101530767343
3965.7384095206125,10,0.014858080724704292,4.909138793598942
5090.4036787994055,8,0.2974850616202181,4.345156878951206
4936.3730868991515,9,0.23844186158484643,1.7553351818403207
3830.7997976036104,14,0.15821816573780012,2.12878141166134
6783.875561933976,20,0.2194700925889887,2.746911980561084
5046.798077267327,20,0.2990124301711316,4.654411124981671
5745.571072119693,2,0.2497524312303469,2.561808676131061
6850.02454097898,4,0.3776617973550049,2.9879205093803076
6637.597352718028,17,0.27482501221679906,2.2195519604125074
3361.083143004314,13,0.4661046214459716,3.840952555723153
4679.700448689896,19,0.4067423740769626,4.757760172233892
4839.9139304715,5,0.44325766638312414,3.2629487172294693
3380.8823748419327,9,0.4831890510352515,4.427385514887897
6975.24834678723,20,0.34428624769463984,3.080781361209364
6234.359257561187,5,0.05894556527012701,3.4954899871768474
4698.126589407631,16,0.29881373872086847,1.723041502339786
3002.4110093579684,6,0.4775173623214665,3.33494077006445
3170.0706415031973,18,0.33306050675437715,2.318298647351124
3318.787686019239,16,0.4575449308947778,1.4810483703346113
5352.781991492684,11,0.24551287350802448,2.356012841862086
6569.873939907621,7,0.4285191558051103,3.889317841997212
6283.237405562278,18,0.03223178556384704,4.4248810372657985
4112.737374196006,14,0.22067614834449772,1.0937527659242154
4899.205290367193,6,0.2564653196440522,1.1995324856018943
7491.4153989319375,10,0.19629817216781603,3.236303218279539
4458.210765272495,20,0.22108780819396,1.8940450334352872
5308.746168263356,13,0.10566271995614723,2.6583548902393552
5350.890322955192,11,0.08982378945164704,3.593958764837217
3929.8478692420067,2,0.40263146467041394,2.4189475411742785
8468.693394844562,17,0.04892691643471514,4.773028669442748
6336.860101534023,17,0.15913818469363256,2.1888625095060243
7365.733246708423,16,0.4184523860630358,2.450280019125419
5360.390374385854,9,0.20313565260094313,1.140003723936717
1617.7331064368327,13,0.4246514254639353,1.186496362186153
5605.544177829593,18,0.20821498342148909,1.5259734481814453
5334.7792647950255,9,0.29055439856452153,3.823246878638382
5551.084660890798,3,0.12430703824299649,3.4237501508803265
3488.8584939046787,17,0.2842669238089478,4.637596034400318
4547.588441473072,10,0.11503156649624513,1.2641615616958073
6254.052782105036,5,0.4306019688358741,1.022741412929089
6781.689949217033,19,0.10021717049845563,4.5142712319217795
2850.272801799252,18,0.06011321068910458,2.5806038745327484
4162.690323841725,12,0.11152811593130818,3.234475516814574
3682.2913773685605,12,0.11914058920763543,1.2234266908946299
6219.672339391258,13,0.13471034767897588,1.9960459214381219
5810.545365381399,11,0.1728332169912658,4.9734591137315505
6366.116669347261,15,0.31589689646578895,3.5315928233283103
2280.0523456317683,5,0.2941113062467927,2.1821301788269842
3954.7278197627675,16,0.09332111308227775,3.045439830336341
3940.419539022536,4,0.2917211063648836,3.125137296764694
4525.592786273482,14,0.22305611160910815,4.466267244360322
6613.163643550071,2,0.33231781314836006,4.467011523348804
4326.664344919384,12,0.25258433853664913,4.562092575683343
4143.304011467683,10,0.4154767806481843,1.2116954982779693
3894.431881505704,16,0.3669280477051841,2.0285844954272627
6352.041934365554,15,0.23064420983307293,2.490876004385555
4369.533638707453,10,0.4233912410549699,2.5809301463160272
7002.58102846958,2,0.4926487249232416,3.3581020701170545
5228.946364784734,2,0.36282256214911107,1.3516902702685
6181.2381307189735,19,0.1541488294168511,2.0634121168168664
5224.308307071157,19,0.40731971453630256,1.660399564791939
7219.060499927832,8,0.012422897630320062,4.599758887833259
5095.958743434489,11,0.0051826326295071334,1.2191841099479768
6140.248649840189,15,0.2459764602481554,3.0028186699995607
4175.571416162813,18,0.297854818706887,4.801985850439313
6004.810618609918,2,0.2110785118521062,1.0611022168680848
4455.01032351381,15,0.08124360855591539,3.9258356460841455
5998.637049037468,19,0.4524339115010843,1.4453390002556934
4368.527482440307,7,0.10139073858808506,3.5467312017127743
4458.362377883775,20,0.1539260674562632,2.816047539892149
2415.6402434095107,13,0.4182689300926769,4.726180992155106
3846.4666796577467,18,0.2599228806453858,3.645668896814809
5778.175628377531,4,0.20674814765775856,4.85111361387193
2432.186810115956,10,0.05347464306959737,4.090591998703898
4053.5116038289766,17,0.2179600763636983,2.1367821933157183
3112.0330861461207,2,0.11399705693365852,1.441413245004307
7839.947172268961,11,0.24231728741468117,2.6017528688681764
4984.522755698762,1,0.03921395214961215,3.4279211469658404
7841.169747971353,20,0.056114671162143526,3.9709093379945757
6023.264841839443,8,0.2981149654218602,1.6463521354321928
2840.463980225907,20,0.49332610264327525,2.5922985421078892
7517.424532023328,3,0.24859946367610064,2.0921989850309286
5932.831369544021,2,0.0492349559626033,4.042106686579439
2618.0427352794645,7,0.3279546329009236,1.1807876965511102
7337.65929946219,9,0.4173045004340545,2.2419689571126926
4268.992002868215,20,0.3986315198455242,2.3648758945894373
3120.0326823003365,8,0.10877762073308733,3.0401124281016787
5944.96334787623,6,0.33003738870169624,4.169901999081196
7006.2611313244115,15,0.05141139627745667,2.638414227509791
4328.643106943681,15,0.4181992253856248,3.424808204457659
4974.335332801774,8,0.22013509878624377,2.5686991618554647
4639.519464086823,14,0.4135502945472268,2.324201602287066
2800.43046803894,1,0.3807206719493324,3.7245061286859515
2206.3411904441446,9,0.000966890571308443,3.9660423940353398
4851.313516699017,6,0.45089742385081266,3.837640328088009
2891.349952358867,20,0.15588544442385865,1.7802065264297489
2769.056682479067,12,0.08976266242799641,1.9051325396579988
3392.4401427807393,14,0.2938394604878412,4.201073899305236
2879.6893647895367,8,0.26832025721336195,1.2487902149214287
5079.249741873346,14,0.41874787665023266,1.5038863744395514
4737.191844830381,14,0.07170641413474266,4.381682545192399
8691.432249217381,14,0.3650437524576931,4.846674847293924
6190.340410338499,8,0.23919736233262384,2.4856383288681836
4476.984217061194,11,0.4046692659796667,2.0403963488576635
4668.608417512584,19,0.25563004443778636,4.430056581226154
5866.804582657667,18,0.13131413336087355,3.1297040948807213
4956.224775930514,17,0.14739706089041155,3.977335821938172
5414.886070174434,5,0.24512003072404348,2.969025171309393
4303.716459048331,5,0.0020959946579978683,2.39596095876087
6520.8092769878895,9,0.136670785478265,2.107797646929139
6501.056692925474,11,0.05010891243699733,4.830175000971413
4934.379826926464,11,0.08002894684664458,1.8326924314191726
4796.288421114626,20,0.15504613824528535,4.116338426628058
7064.738176321613,19,0.315110736982626,2.7282996328745104
5690.327078578982,3,0.23396943941922904,4.476339999875887
7123.563678309942,11,0.12002884668010905,1.0265886667876187
5336.201975322837,16,0.14795961103031052,2.196336748003919
3546.794646182616,12,0.3618419636024732,1.8033280258854876
3519.5286822510616,15,0.17635223881994228,4.570063906255644
2322.9434250663653,12,0.3549343383895443,2.4420060566059587
5283.308886934176,12,0.4106498169242095,4.333030032609013
5998.2816720226365,11,0.1514491436986754,3.1798265829356316
5547.037300523299,2,0.11536196471935062,1.93894285847094
4814.717756247759,7,0.2656349261653998,4.346181979642747
4534.579171070151,9,0.1838492455357999,3.815951404223116
6349.032517927567,9,0.30751488967541213,4.13508685888581
5216.263971585469,11,0.4544733640974253,2.600387867753143
3534.4873741531724,1,0.21620075402983518,2.215792014173204
4219.771791491735,8,0.3030206359975611,3.556968718200157
6310.5404210894285,4,0.4822293729259329,2.734666271093653
4576.42364345356,8,0.24179560822361823,1.5892509938753974
4763.72202603671,15,0.3651750073493496,3.171405320688018
6426.87291744366,1,0.026765684239842935,1.3629685539628738
4561.660781508519,6,0.0037272483015185487,4.144501253409711
2843.3892931022046,15,0.07158299582173738,1.2452027065086533
3992.7849690339826,11,0.47504055560590747,3.5080937873495373
3998.5098127083465,2,0.3993428522519766,3.1648396073214964
5018.820843876476,9,0.03528324546720385,1.5010714910271186
4037.3424961188107,8,0.05012067934587017,2.9961408204648743
8785.897113916799,19,0.1659714332317423,4.297484239771944
4398.210714582686,9,0.4571434933982429,2.1738083612909658
5779.310410553674,18,0.13755321672618143,3.98545303428654
4397.817006364756,1,0.0618032063082683,2.2240609675987075
8559.676363250934,7,0.46923093172161356,2.8955348373486762
8062.312499917851,5,0.38345864400448754,2.471635012872136
5862.749397902249,12,0.3623193858705718,3.650748070127633
6863.231327831699,10,0.2526367826952204,4.448272586806723
4639.09758410756,6,0.48490205866329134,1.9113173665602252
7539.044154101248,1,0.02162053439701961,2.1144541148361142
1898.6318790000678,12,0.16588095624601806,2.6327812324885884
8356.979443995033,13,0.31021365491551967,1.5529451385655606
6821.437510885896,6,0.2769159540517675,3.192485768453935
3678.3921718018137,9,0.12903915823095513,4.964237403160961
1569.214290808456,20,0.057823241312146834,4.7217626167651545
5348.215425879865,1,0.3464150228359369,2.2186866607114615
6680.094368139934,6,0.04236103962886001,2.7250054541306636
4578.747252384562,11,0.22746154697268167,2.1394034844182688
4484.396776644374,19,0.10899225697451681,4.265163805273593
4355.934701059885,2,0.13741859855007554,3.725628261083074
10071.207245354224,14,0.002542750638315161,1.133871965008237
5529.638781098529,19,0.44314455587259793,1.3008087285858605
3775.037417962299,11,0.06339249819386888,4.625022143524064
4510.742956798204,3,0.07304766938592466,4.53204096413589
3199.720319463439,19,0.45610763283404704,3.844871654573309
6221.217856274305,10,0.46897672360480674,4.6766085622896245
5190.807415427153,12,0.381069293136866,2.3044172292067855
5042.433312130572,10,0.14067355775934826,2.3839127402385265
3351.0799367148747,3,0.10909643879918912,2.9949862415890953
6339.803186828754,3,0.062265657966118104,4.83894355040853
6924.065795680751,12,0.2945292892813423,4.6006281672155325
3460.1795843306363,14,0.1642578643517672,1.6217856422354742
3216.8821158603287,2,0.23869513027321232,3.9068974376492718
6498.574218515849,19,0.1546562196840211,2.185922884277342
3254.856158628096,4,0.3509293303974042,3.9656827930756395
5512.817363383943,13,0.25128063894556096,2.8571485609165217
4685.330044994519,5,0.4242774505853402,4.062492054073541
7785.046546621235,12,0.28358885101550035,1.5185506292948117
6135.69526387346,16,0.40745127338801873,4.0645054281337245
6620.170446450561,5,0.1657175805437217,2.885278902247912
5325.745561182505,20,0.02885172993745161,2.0495970252555606
3978.2350069509916,14,0.10441871445891548,4.0950418842331135
4968.418993129976,3,0.1641034021875754,3.1546187990868146
4561.024357760169,7,0.02489937719141333,1.123097256053935
3749.723891270075,19,0.3301048308768738,2.6869959346168613
8132.736025900941,1,0.16671627525626553,4.173118091723854
5315.4335440109735,1,0.4563404489143169,3.6089524025539523
3253.7245757777864,2,0.40569922737430547,4.194777689206754
5104.71354898527,6,0.031096439623604144,1.829833487048679
4287.435791106507,8,0.2175690678250748,4.976848134973979
5051.870002990262,13,0.33831314801600876,2.040643082271812
7155.895011042145,8,9.883592501452876e-05,4.55239715912751
4073.0838366144762,7,0.07045518593544631,1.9703033028720127
6490.871036899655,17,6.105957209640023e-05,3.016756418238981
6850.582732474046,4,0.09031375470591269,1.9622667753801366
6438.241728829686,6,0.3652055351080435,3.1378644007938488
5778.438116653905,6,0.01899324504125255,4.1000721087482095
4320.813956910631,6,0.30901741848482683,2.713459241226238
5408.073671555807,14,0.007013914971129631,3.867391451761898
5687.811846146232,3,0.24292213412437907,4.086366170819817
5510.821154921708,19,0.14606501136089117,2.5359791434324013
2023.5300572551987,14,0.3268637632927303,1.9650520550110437
6071.521636914788,3,0.4449626054527717,2.422426419036193
5293.801027767779,11,0.10433752144293529,1.3760465289618957
8034.685923087167,8,0.010133072438478719,2.005857212567743
5104.041852580853,17,0.1082055607641495,1.4478973614596327
6628.759837043998,14,0.07089311658942976,4.053969123528157
7332.343450256148,3,0.20440266541635171,1.397647860803969
5895.843184854333,1,0.43095982142309935,3.1567868971521125
4140.0978727727925,10,0.06473950729832822,4.867245351489439
4626.453116378922,12,0.015902884018784647,1.051675751850686
6364.628385260607,16,0.4832567013174386,2.262027179164453
8225.087435336734,8,0.21533239066031074,2.7531388187874604
1222.4616198065319,16,0.03677398261349535,3.3785506003350902
4481.316712366875,10,0.43415375335919376,4.728444523129351
2796.977074784377,3,0.09669498905661122,1.3443179025973606
3756.4419037132975,19,0.12357923763576367,2.7862958448445836
3923.462527358244,12,0.39109219353080454,1.0691406563973822
5836.247938609232,20,0.23885863162648696,3.9817058916421644
4419.152520671554,5,0.014634883568584167,1.1632783788448249
6580.327327896784,11,0.48241332802362025,1.8365754295142174
2508.6478162373905,1,0.424570053666722,3.7929063498058255
4107.354500967249,4,0.0010519586132384795,1.8705830121007576
5225.66681412836,15,0.09479425990319656,4.4207357121894155
4888.947490711155,15,0.19306454427219832,3.3136191576862384
4335.867815968399,13,0.3956483948953908,4.506767708589489
3856.1654012439867,3,0.02573728324349661,3.7244060121675924
6518.204578927511,15,0.1226285157955217,2.509923177813085
6212.215164371979,8,0.20952056771545652,4.103513408787851
5677.335040087775,14,0.07504611439388892,3.27640265975032
3826.2460649544146,12,0.3213821057396749,1.9691981402043681
4739.006918722854,17,0.24729493570836314,1.3757947544033118
6563.860482650257,12,0.28879557213561075,2.983092095459753
5732.408528281666,6,0.36935733095512446,2.307661859412442
3721.72754713263,17,0.38766171617984013,4.795661084029005
8221.676211353792,13,0.2317752050411797,1.6153627964209316
3865.218145964406,15,0.08861830392860537,1.3284149108630308
5515.735753603591,19,0.21832891104546676,2.4696438520339483
4054.997449835671,19,0.2395262188899978,1.460360252113062
4366.1561746086,6,0.28678120456596823,4.5705142304894455
5336.715494923058,5,0.4574088639249463,4.862043626978813
2757.233229539728,17,0.1313398021570174,2.4220433076410295
5975.167229624561,5,0.44591363182292115,4.593671359590858
6517.030733811043,15,0.024157263999463552,4.449580176884001
3064.3005391638444,3,0.09266107479968821,1.1545204662821877
4782.944047203642,12,0.4227278844949457,1.3397905554031917
7853.908240920484,19,0.4376883422059643,3.802727166617132
7190.79291753772,18,0.08011312334036935,4.499858161582045
2648.2707724206875,2,0.30307251958342696,4.561599230568239
4788.94851939601,7,0.2862630669560161,2.875504053456138
6247.945802961216,17,0.29061525703797075,1.901447489641063
5499.604447404537,14,0.3088858447225751,2.737656540957424
4853.333955809352,17,0.4486233339362122,2.575103520166302
5341.462100137353,13,0.23360456230391285,3.626516108839666
4481.5736745724935,17,0.25955699000960586,1.7261490955156753
3255.5541348562906,5,0.1700002592915989,4.640013522613209
3515.3039149903716,9,0.16105017555184759,2.739105353174153
3765.580110989632,16,0.3633225255864184,3.5421846873339122
2819.6742745867805,12,0.016288803829033527,4.162587051692305
4019.082933397568,12,0.4574671311169639,3.688343885487235
5524.395061630509,2,0.20533459268396476,4.357199369010457
7423.942761570748,2,0.4942192772215646,2.1014970967426265
4890.016398056706,5,0.10391146123865708,2.4401682797369397
5818.057860420393,20,0.03733607864367294,2.0580546748631785
2656.6204142996953,11,0.495742233300796,1.149119149920304
4380.945291625227,2,0.11617468495909483,1.7939234884730215
3735.3624935906155,15,0.1833899815413284,3.133423301976408
4013.4885026475486,5,0.4159183193398883,1.892137949727069
2618.376549607985,13,0.31658843320426927,4.2304200095630975
4107.872544858995,8,0.15935241299705089,3.6145965900099584
4595.619016969467,10,0.35561820876341765,1.6950130902981333
6090.532015709272,14,0.06859742824518628,4.0847915461861595
5927.985929573981,19,0.44820907322316933,4.282134381895705
6292.923970405196,14,0.4288006991050836,4.504179975856914
4387.375756229886,8,0.40909804119176274,4.032983341747222
5278.466657132343,8,0.2086829360227716,4.08005917397108
4472.109010337877,19,0.15291277257494418,4.1439502876234195
2857.4990714772334,19,0.2913954970393249,4.024827087058798
7425.560457157797,3,0.2783663097638399,2.2370257046955677
6069.353019260985,1,0.10775344982273821,2.1144414130821474
4473.633870423672,12,0.3281921626167485,4.561092614897687
2429.2133556782305,10,0.4475024189249059,3.4424130464127325
5176.875712872085,5,0.37557840146795657,1.582903446848209
5077.850000895427,17,0.26535497050940665,2.604456179375364
3482.935160321068,9,0.3126372554179366,1.9750419839520954
4308.0409256314615,6,0.45568028993143844,2.01692907110025
4856.805025889273,20,0.1302643096821428,1.779145999982505
4605.8216813893,5,0.1607646666889504,2.372541989268471
4869.944719011394,9,0.1216395886653191,2.189355492190235
2179.086620794846,14,0.17159938672298747,1.522918083396522
4074.9910843961497,9,0.3100279410271778,3.208309149756675
5426.443435579479,6,0.4303753123166769,4.890211386227206
5519.600524738055,3,0.37048762601886615,1.4375326191678366
5734.404104258112,15,0.02241214089973631,4.534517491333588
4222.816497428409,4,0.4867932002942274,2.3063815272524475
5832.081987447212,11,0.22530102399166535,3.346418738412816
4255.094791219383,2,0.35897460175909013,2.0266164513936364
3592.1518944229583,7,0.4319940729124086,2.9484088359408607
4093.1310769793713,6,0.34618809390701033,1.3223897760718533
5176.231005517192,3,0.41857967348590985,2.971642483741777
3167.107730719997,12,0.13853889329162844,1.980070523252615
4492.909867728684,4,0.13739566276787957,2.0135069662180234
6862.349334931272,7,0.06916048711452372,4.325641777196566
5788.031666855932,14,0.26360892070552233,1.7911923747750023
2770.5705680892806,20,0.22945929736852572,1.8957722529268284
5754.070348381071,2,0.03391537127372146,4.000980976392652
4165.866520988662,8,0.14328097735020678,2.9461248915041827
4519.761052391105,1,0.34972726144075794,3.425960929023222
5306.995216912182,7,0.22448257745105715,1.0285366644131781
5654.247928010605,1,0.3554496682550476,2.770410199200987
4285.58426671287,12,0.21363096314291402,2.6762768812054665
3138.8497410250457,3,0.0015976120270869143,1.0108743670579519
4443.509290210502,4,0.17097619014809085,3.4391058391126017
7881.083468773274,7,0.07409394887213555,4.1274947573622445
3351.0800304059203,13,0.003184581836956857,2.057181239091474
4466.4542857527595,17,0.37480093185290775,4.018088151866259
5590.573005421068,4,0.08406554460268956,1.7141919176672604
5717.73579825516,10,0.23882539120212648,2.7248621783572835
5652.08935289557,14,0.46308830468394013,3.584580856557279
4406.903930522297,6,0.4222545589735195,4.600065420986738
4386.239934188905,8,0.3940818330643991,4.781858010245109
6453.326673186932,16,0.4427973198754913,1.3720796026853757
3872.5942132236787,13,0.14862027030429187,4.397170425546061
6633.31060028192,8,0.473450080896175,2.8721656495269294
3752.1518529300856,8,0.06445388090687038,3.870719111404096
3464.81308233417,15,0.10475112376164636,4.6737742464951
5962.472469620705,20,0.3167544679722339,3.3097083918627836
3262.930539419479,8,0.4868643037145858,1.0644990859427437
3428.052456940179,19,0.49135230859784335,2.549841625800772
2284.076090480178,1,0.07566746200015523,1.0773003698473307
4027.160425370336,6,0.4339367278434282,3.6919393067899313
3930.1518289098212,1,0.06495980963764508,3.609596098444224
1645.8864289587896,19,0.13451071229401995,2.3818017797525193
5537.799703316325,9,0.2607697857821384,1.527674961418589
2735.792921480119,12,0.3985808750499652,4.298013574169543
8105.339797104987,8,0.47838135114737,3.616352728206096
5408.767560473576,10,0.3362484811765648,1.594467718736924
4463.607937221278,4,0.2091830206841187,4.077923888915103
8355.901972537376,10,0.32508710050071676,1.1055482122628701
4444.7087331347875,4,0.4474724429755626,4.5716475790031375
4285.47540573013,2,0.35911664712435915,1.1499665346845633
3438.502064182406,5,0.23879360011165218,3.4475075487731033
1796.5612694784645,3,0.48648670040328146,4.488331499860477
3462.880390591102,10,0.35535354013911524,3.5488537374932063
4754.004330062581,4,0.34922523787620185,3.6514102624932394
4605.197497989871,8,0.3005881081129871,3.064499385142954
3232.5986210301544,7,0.023144498984249418,4.372516345541777
7540.923646122896,18,0.03238815550602436,1.4106875227652393
1365.5280467494676,9,0.08988031694513277,4.251518013605393
1661.2626124249368,12,0.008135815603603658,1.7791220439831799
5549.500626362877,8,0.23423748299237118,1.8559259395169305
7696.821818835942,8,0.2398393393982312,2.38933842506098
4975.230101106793,11,0.3943310586718145,3.3718448994808616
5548.784555424556,17,0.48305219179533665,4.2489795152037715
5569.831432152064,10,0.3794531237072556,4.778598909310401
2683.942474192095,8,0.364539390556292,4.785476242845028
7122.428049728105,13,0.33048642358004743,2.7742105378876296
4403.0782120456115,3,0.1960637407559762,3.95142514283764
7561.362556570441,10,0.2731771221563912,2.723885002676669
3131.519300098058,14,0.213691388281041,1.8115916506091239
4272.58736761376,7,0.16760837144137403,1.4828314700250664
5677.271496446141,3,0.1697049402586685,1.7619079770000061
6578.320353436302,6,0.423584773259532,2.19434687868289
5325.847093843536,18,0.05388265831544897,4.936869753027146
3562.0603400479295,6,0.2423489979144623,2.709267522120166
5509.407492354212,6,0.438394641098775,1.9388243259766393
2779.556496884172,12,0.3514543890515132,1.399490193198182
3262.352971304948,20,0.04272096335899067,4.845441797645125
5669.463850684952,14,0.07109407341891555,4.32909408577372
5924.649681408003,9,0.3510918304553068,2.4694102000411005
4097.7436347442845,17,0.48418727780804904,3.0088875264892456
6374.103987004477,18,0.21593878874960598,4.031407061323271
4177.483956877674,20,0.21435934095815545,1.8156882538764099
7445.806556040427,15,0.2766440112606193,1.2619252743686742
7129.520546932256,20,0.31613360450438865,2.1278986683964973
4412.0936921270495,5,0.251285491706036,3.6525226509171986
7484.5187802745195,10,0.4320542341275229,2.2965652266011483
6680.9092901297045,3,0.13084309922697335,1.0939367094678523
6567.843283010734,17,0.4682087392006799,2.8721708372168693
4545.922583802032,1,0.41526229816569477,2.7321318642389114
3045.257575654852,2,0.44103092348515915,4.9635043006600394
3628.59248861116,1,0.3948040184400025,3.9960955238065194
6297.7969515379855,15,0.4963253441989335,1.1979176493260968
2347.532131749497,14,0.1894174115813883,2.6720082736077404
4094.3143691579544,1,0.3329482572796823,1.9630748636344562
4767.362966679091,18,0.19107336565113264,2.9424001240599167
8193.136677561532,14,0.2255130786837038,1.071096336107634
3996.021024946836,2,0.4477504364768759,2.984427439775768
4295.68858705839,11,0.4307919719567258,3.0273301239300943
4996.313482993223,19,0.30938426422320253,1.1182637637450878
5835.047211029973,11,0.2600563737193119,3.6039370931120374
4151.822050150504,6,0.3042515628946724,1.5170711498922067
3171.725196796965,14,0.47311015260361594,1.0123329609003169
5297.8068509639825,12,0.3903606994415957,2.795976186899322
4924.60438880683,6,0.11552996123568421,4.620205997615604
5104.655834528881,20,0.4676829002547859,1.2856460487598214
6431.3491986427025,20,0.4127057306857869,4.009157855841098
4826.077659705428,10,0.44928300767184504,1.5651924608074879
3741.7498500240586,8,0.3478727539188498,3.8663749292416827
4570.840683683393,12,0.1837136117420759,3.2781623298754115
1686.5738176357354,19,0.4844027940292874,2.688554457363241
3333.164949100308,2,0.397763600800643,4.8451489076052825
1548.8081576886684,20,0.21456211592710023,2.0734719557987713
3913.0950309404584,2,0.09796702370840782,1.7631539571708883
4289.891576040482,14,0.06747661288366702,3.396636077331257
1286.7453914628186,12,0.3859255917615979,2.1000120843275796
4484.184535154694,2,0.4666606050351306,1.1135002221984935
4155.315565614942,13,0.3330078703846062,1.9389114717032032
4092.521568543906,11,0.4259637153252913,1.4242540816750027
5537.579362004909,3,0.248021349860451,1.6483589375103502
5038.1573896516265,17,0.20707606849381693,3.853111233943997
4172.983566544992,4,0.12754366516858434,2.2949278177344365
5610.5385036579455,6,0.10488215680473073,4.705130875359746
2655.157921425436,7,0.14753998198424823,3.883591693892175
3525.757199941403,14,0.10546828820104537,2.7374899532522456
6777.895466716814,8,0.1581125500116361,4.589454602997517
2528.445157016015,2,0.28670805857323467,4.72173515062595
2956.5188622369596,6,0.3621159058820328,2.000489538087529
4539.659495630871,13,0.09225425354960759,3.939346951282233
2248.1755103220216,14,0.31347410153490557,2.231247856265973
5401.168075844348,19,0.36550613563455137,1.7626894161055513
5746.10326383624,3,0.24467820314431188,1.4189361242811285
5834.459958622948,3,0.4348300217618383,1.9013491391564554
3989.3402753535656,10,0.30322205954880704,1.3717111801459607
4496.693127220276,7,0.10183514419006989,4.051057135495625
2955.4345339824317,19,0.18329873630555543,3.904037065419196
5049.741531852339,17,0.16238611870664454,3.618530408048476
5225.732103161874,16,0.13050110644635954,1.488901090047404
4754.716986542392,15,0.1280793224481384,3.0876509379020347
5347.794435477843,15,0.19517035218868561,1.9882483693937512
4717.225056963888,9,0.12088229927612026,2.328009961081157
4200.7383402103005,2,0.02606494985830171,4.756212728594667
5845.002303832268,5,0.3754865875380729,4.139489227420824
4249.575294036143,6,0.23038821497337642,3.8975651077037754
3808.682132857537,16,0.22811579040294278,2.5908209945546488
5787.9316105687685,19,0.4059225198046258,3.9511017553998022
3110.9472797995313,11,0.2523180220793331,1.3164230369628154
6254.841930990269,16,0.31034036001816373,4.198346178657152
6323.182209254651,9,0.06614809780456876,3.6261845436804836
8129.81551144743,12,0.33336979482031104,4.897542070810115
5679.930738257923,4,0.23568555414533787,3.2167293623872495
5141.899854958833,16,0.022594107985451195,2.4933647352837567
4795.311166787446,17,0.3201733358702848,4.602534386074837
5669.9535628900685,7,0.17626510941524964,3.428702288718526
5662.964726432107,20,0.26800627413867306,3.846257128293752
5338.700955395725,10,0.4618611618445402,4.350385145238064
4412.046011566249,20,0.12406367739869595,3.8537580720783224
5407.714019369125,9,0.2326915735585388,4.252111776157817
4997.228848583116,9,0.23361095426103284,1.561842662124345
6490.519301239558,5,0.3540978093323674,3.333193370363409
4857.853623139508,20,0.46766207769448126,3.2214432709474243
7577.870877374704,2,0.06639089743282445,4.224694906708471
4728.491069956902,5,0.24317016005098735,1.5041080628058716
3582.325539690318,17,0.16409938433219706,1.8991619079014845
7065.868029567718,15,0.14496537918639535,1.18697121338968
5116.305278424621,7,0.12002454555533226,2.72524785812009
3792.002238096705,8,0.3275865326143667,4.450885794667338
3647.11559758365,9,0.4897248993613568,2.1459734645745496
3615.2681783536004,15,0.19101220368248728,4.737788272244849
4602.335346912936,9,0.06502646596284506,3.738595442071914
5229.315404502403,15,0.3310886126997298,2.179740449916232
3398.4658147346336,6,0.1041303684638818,1.5121341880938721
5294.282007115351,17,0.09004129993673998,2.9715719313032425
4805.987271108667,10,0.10833395674233742,2.6148719114596752
2320.3939021513,12,0.19627668205878612,4.956145305685075
5807.1020355666315,8,0.0005060102002887867,1.2663095799279742
7564.014991217809,5,0.21330551890784816,2.932815298376007
5069.490673062175,13,0.4742385619057418,4.550415007224909
2881.0431454068607,1,0.15171278820183626,1.6647221755629187
4686.653160583831,5,0.45764713778133476,2.4370415113593666
4534.412527268506,8,0.07319348511763324,1.3773948543237022
6121.813531363608,8,0.23075569728174938,3.21996728164415
4319.068091753543,1,0.2257087287310685,4.585320316631844
5298.96664016688,6,0.03757863433594999,4.69760190140928
4337.053439917453,20,0.08434830382596153,4.992824146102954
7801.3908605235465,2,0.04504787408783689,2.813714112414228
4036.7482790469567,5,0.2820420160285757,3.6453440580138614
4012.96828367322,3,0.19756492605269316,2.1549636059232404
6753.640921686074,7,0.4215703979636969,4.807406634004328
7184.582070591893,13,0.12865323582807003,3.6921201476295606
2011.8716609772046,18,0.4899053862463167,3.649557589380671
4608.263341030368,12,0.05955608892026698,3.046677504457691
7585.658839601169,9,0.43131019013490596,2.87404509472122
6010.497424790851,5,0.09376427014210881,4.531616383435628
3115.6321414090266,5,0.2957375814116319,3.523131705333114
4508.8491777997815,2,0.35949791908091683,4.00629004232408
6170.57746810854,19,0.004599663553917721,1.3169093136122476
4223.690400242793,5,0.15657828205235919,3.482277159831717
5303.306420632317,2,0.4774777374174064,1.2321430056477265
4487.828494049061,1,0.42978951097639473,3.321826327040701
5155.215679041355,7,0.3012613725831322,1.8373970606057943
3976.105619900088,1,0.02966269226523155,2.37904725439986
6096.795394932554,17,0.12059776465361599,2.199955185240419
4883.5676206978505,7,0.004282651644017088,1.849865913606778
6182.443869761948,16,0.03270438255347835,4.358280504815264
6101.122034831317,3,0.22253501913879697,4.38014319616563
6038.016794381193,6,0.433514780780723,3.386057472061294
5419.27133354177,9,0.471498361498298,4.292436751097949
4583.162275569946,20,0.0837763743335499,2.083555458408563
3628.027673669842,4,0.29344225721175116,1.0038206624243973
5190.831114924204,15,0.1722560374900765,1.732945954461587
6145.242747706735,12,0.10427781382056,1.8017874506079505
5281.357062402829,20,0.1746571326237853,1.393455136333539
5051.737740957444,1,0.48431332296596413,1.3277667299577325
3158.0618688944305,18,0.44402647845214926,3.3182898517422417
4967.119326656575,8,0.09372106204760733,4.196639814897372
5847.4474405546225,3,0.42320759474168373,3.1447794334651773
4212.58912830016,20,0.06339920637931734,1.0969272095821734
4407.3117893186,2,0.38577132907153033,1.7909493377646646
4946.312443376594,20,0.26082309850704155,1.589092892995851
5257.099739225844,1,0.31659691311104,4.342022958218665
7823.77358102449,11,0.35931533720351044,1.239785572656448
4765.3367801154745,14,0.2435625424378255,3.861106429514264
2986.444138843597,18,0.3371597596930127,3.0161775502505592
5224.647130954452,17,0.3382753900685287,2.6178860779118387
1563.7760584749144,9,0.1772280079802182,1.0847315778196984
5881.401759905512,11,0.4957578360342526,1.4877514841384496
7718.426380131257,5,0.14805465266481171,4.938782522467917
6932.117650319693,1,0.44127411767913927,1.906970304497849
5589.683942806454,15,0.1292672428071331,4.510597647596299
6790.771942756783,12,0.05268477970381469,4.40120914496584
7559.950889630414,10,0.23565829540234812,3.031855416391784
4010.383248123591,9,0.15320776776443196,1.683307971540534
7177.768573513085,9,0.15046060930190464,3.244594862727203
3751.090329002106,7,0.4562714275349792,2.5556033975048362
3796.2533259599263,13,0.00499096053415049,2.812979264890267
6948.276462953856,17,0.4128958137455272,4.206981470286048
6114.1086532537565,10,0.39761370213830655,4.37794316954893
2234.237576854676,15,0.4331510160328866,2.2864384846026273
4929.94014177349,17,0.40829334248080756,4.781343047715518
4863.9423509068665,19,0.13750531705156038,4.197235370174525
6969.701974529132,14,0.08544804258892263,3.372926402805983
5031.948290503263,12,0.31635023671879375,4.335667345998612
6420.411726108652,2,0.25780366879172006,2.9473059058840496
6722.136758956665,12,0.36855579450022297,2.0329478538557155
3720.4205228126357,11,0.49661911791736735,2.1137324284644596
6109.165672862423,17,0.21979241217300294,4.305771965467562
6801.982884618444,15,0.3265925869326943,2.1308035977073025
5945.5280496552095,3,0.46898379701483855,1.605942214617634
5828.5493591403965,9,0.488611239788266,1.0954743565117937
4426.654929571491,10,0.3847514787405515,4.006797657911801
5035.980113460688,18,0.0486141342155999,1.0502173959531724
8025.983370833223,16,0.3214675153400244,3.9163288144584043
5734.224914194863,15,0.19573046584602677,1.9176118092767078
7815.85842005791,15,0.024685191883447588,1.4237093373243495
8123.221261825063,12,0.4942948180422863,3.1771747453196024
4851.676068945251,14,0.24924313138440218,3.20458949544899
3936.5284506990793,8,0.3844934316055429,3.9405082852529336
6289.5252137030375,7,0.40877525480209387,2.519755331871876
4441.838277608693,12,0.3108084133104619,2.059771650351886
3684.8853205769165,8,0.13407400703103461,4.649699725491425
3438.0961570669006,3,0.157091817001154,3.675452923495152
6689.6577774782545,12,0.038575458397770324,3.3481720056176782
4614.510520953276,2,0.28805766553785134,1.2594295879827069
6733.112157596315,14,0.32364762377599793,1.347017389914412
8086.70607855922,12,0.45446261570431773,4.515803313255077
5646.709306486451,8,0.48813152872329146,2.5209544178628582
2936.68287819023,9,0.2963768730326272,4.741482185135167
2711.554891269973,11,0.2826505172780204,1.3732090657360203
5181.244082275205,20,0.06560459064231733,3.940375237028568
4760.853419166832,7,0.07368855847244493,1.1055214999276277
6146.897856643028,4,0.09191429420293501,1.5641257842982301
3798.549836932162,9,0.37415732238090454,3.984356573309374
6561.723140757472,7,0.46199597421989186,3.1018583712773067
5194.6812984654225,5,0.4661573643797518,3.2900192697418493
2186.6003367357293,17,0.1256151771420544,4.775430847369263
5519.823307774106,17,0.4142552919215237,4.812287676740471
4093.583214722226,16,0.4345154938039285,4.076136133743189
2141.6687580869548,20,0.4448459902651721,2.0771267413271466
5764.72542449531,19,0.3857239484845324,2.8741948481532913
3780.699864725696,9,0.02569137540541966,1.108970267531511
4587.565391538374,19,0.20636186342886126,1.3239870943687593
3719.3114494003985,18,0.033485908222419036,1.457363493800778
7107.629668693608,14,0.43841369359437976,4.485269471928409
5365.118579996114,6,0.19991032858884306,3.8920158061685717
3739.096239239722,18,0.05745483705094451,4.344168174339716
5319.69225274282,14,0.2208985458977193,1.930068463140349
3945.1918128894017,5,0.45326137751137113,1.7418252732986086
6966.146428605181,7,0.2629108652196967,1.622233596700963
2914.412752333516,9,0.017711551347014742,4.4591756128826905
5516.563054434652,15,0.16866909091275567,1.4316250697804582
5301.159304959571,18,0.3906283274079878,1.854299546938888
2831.207022225009,4,0.3088431512957529,3.5347030226134626
3890.6777658958363,19,0.2411071595070023,1.3040943771513511
5669.418910329354,20,0.16402731607883736,4.309464878576297
6296.881829058363,15,0.2856632939723092,4.9117635629973275
6729.140036072757,7,0.47768489890916693,4.413782500944732
5895.880972954659,12,0.1372820128324317,2.4610957179202906
3624.762182059121,6,0.4697924241505012,1.09615074937834
5461.259612508113,13,0.20026838693285431,2.0849947686766073
4976.142687608114,19,0.40604322534263504,2.036628514230318
4530.414936954631,11,0.07869915537260352,3.7245450844511154
4961.6055851213005,18,0.284805505516345,1.055198852855983
5743.233704833895,3,0.06811942842442348,2.0955177810369587
5458.12667352822,19,0.370283882775581,3.3770352086549376
6172.967916214579,2,0.4459845541973741,1.5728187706461023
6543.242451314926,11,0.2575295934730721,4.621243881544251
4627.461465546312,11,0.3648677979763301,3.248262517061731
4481.64389891196,6,0.38975562531358826,1.6585168176405132
4691.0623897135765,13,0.2887614791236502,2.3620327185297585
6342.3166594521845,3,0.22321281391833236,1.3056196539702851
5800.755399659705,4,0.12500474896500213,2.9393076939363696
6199.049012698621,1,0.1095752812754891,2.106380489329139
4636.180548620217,3,0.12019951958306124,3.20940723980452
4808.089920525307,19,0.41079205956981835,2.7272857847226786
3335.9505316421596,18,0.2229574450906816,1.223837345529053
5194.815544830629,9,0.0401246036555184,4.929759145397909
3343.0658207073793,4,0.14617707471120772,2.2604415585780213
4000.439765332234,3,0.14136796304717614,2.8804225304992235
5848.954505344234,12,0.22472747179480584,2.3887086018919654
784.4750344852382,3,0.03645739955680383,4.821108550522722
6663.769960915843,9,0.4027940218754794,1.7673166772657534
5230.817113516325,18,0.3460375795412115,2.234664785035866
4745.8096618354575,19,0.14948674985199178,1.1497592109815984
2237.293711269936,2,0.2812945082580992,1.4474217161525167
2516.2513884674163,11,0.16801461061538753,2.6438574917693636
7018.554956830836,1,0.1804073803874507,3.490528737876158
5971.119744798248,20,0.23120328822358183,1.9028764871238355
3907.4508138434803,5,0.45685366154357165,1.6098407159294563
4692.518494335091,8,0.1997008768178567,1.9314801323346034
5549.265255952874,16,0.18237568496097462,1.5284834925988546
6388.711424398292,20,0.4821935751828254,3.9761620288391715
4545.057719856945,1,0.3143897292435542,1.7074833251242238
6204.542989258727,11,0.11510734874336126,2.73737779896257
6274.918723151831,7,0.3915880401459971,4.635191178735724
3265.7245602477747,8,0.32962641045068586,2.331137211329634
2952.5900580823345,10,0.19784285783058947,3.8812229132301845
3283.6228228565324,7,0.2909681064925534,2.6523125781767414
2626.9547242157673,2,0.48674564254081465,2.7699939439419765
2900.512742476427,14,0.4562718669900438,3.5997835717647155
4523.318576448207,10,0.42010615621702246,1.177138258200451
7928.525985319415,19,0.30053170087273184,3.219783477602154
3766.4613967314453,15,0.37331883634383706,3.6813950860022997
7528.228522643397,9,0.17773079547124176,2.3102164225364237
5246.713962160195,7,0.3364287498740662,3.116564510224671
3612.0272386319193,12,0.33257124301209845,3.6395292571784186
5542.000868963906,2,0.19406926661351537,3.659324268609541
6623.020809604865,5,0.3760461989996097,2.158480394341711
3636.8769079818558,2,0.3584120184932223,4.115656729212219
7688.441598582063,3,0.18342429041655595,4.76413711888673
7290.879395405182,19,0.2278315141834772,4.587168011331498
4558.812288024367,13,0.3932508047555504,2.723638578046808
3167.6223749735746,17,0.039150183802276695,4.145417555588436
4641.981450819985,6,0.20907717759251992,2.3133677019819228
4086.893567375304,7,0.2742491083489878,3.2961749993818827
5850.560617268464,20,0.13456405184026338,1.4095086847808882
6757.663914120497,12,0.09627550484512792,1.6836302596838397
6566.499222171171,5,0.30155084490077855,3.8921871999761986
5986.385140434644,2,0.3054124209507299,3.837239075633809
5438.470736337583,14,0.25666470181258955,2.4643051165952037
4706.475711737577,14,0.3156425580686177,4.290718591108533
3132.0570515718755,2,0.16591372387663023,1.7594387217650205
2835.8296413962494,8,0.3799882977407716,1.6338574490063191
4242.536258661327,17,0.22350808899043628,3.082845054236554
2032.9367361266359,3,0.13882171117683967,2.689788581258364
3793.9627235343505,2,0.14821675406634754,4.8510207991260526
8689.448129574168,5,0.15022493782277618,1.3615742171082044
6272.19349298381,1,0.44334253321178313,4.713487487827065
4810.540346719862,4,0.20926193064283777,4.31745810855488
7672.4712955219065,6,0.49049729795563335,3.933025006756999
3259.424349581235,7,0.46303203735373766,4.650382678780726
4629.844744773961,11,0.03932082869999176,2.5221457688189917
7243.142976802534,18,0.3079359212727773,4.0319717996122915
2854.866244020338,10,0.18209541572029592,3.256716951685161
3535.782866982672,15,0.1309791298294356,4.583314657915777
5818.882033606551,20,0.35276066861307925,4.983082393200214
3758.4997217742757,1,0.3454966226707871,3.7221815194393315
5244.753800751302,15,0.0723413491923035,2.562922935741988
3348.7867451977586,1,0.041556275941193155,1.8295467939103132
4411.298912011691,17,0.10534125457082705,3.8875825921648435
6010.305995693601,1,0.47557695813879813,3.3640091861293047
3276.0371411784067,12,0.20873851850523978,2.3090745377562145
7165.884796200216,2,0.25316378957158514,3.5457702272670146
2297.0447744776015,2,0.43607258190681997,2.152274023551046
2698.7906306146842,5,0.33505748676041003,4.586688146299137
3775.258672222123,13,0.3409829938461536,1.782380872407841
5031.50981190043,18,0.09629143974056126,3.6581586866620763
4617.2421305949465,20,0.4102191658096889,1.0459956910429384
6264.734138950898,15,0.28598554058280234,1.4970294750063209
3211.4065944666127,4,0.1966132110712564,3.454273527592708
5578.433553118147,7,0.42304493504826385,1.6082436461587344
4403.123778746069,9,0.17239877206598148,3.9523294325002234
7635.6001273840775,19,0.16101411568749363,4.079791771634845
4892.676226661918,6,0.31416773336644027,3.7602941646531542
5811.63894957317,5,0.3690203811761453,2.0012551343942038
4406.520078048179,9,0.3186693202364736,1.7152409433554645
5383.958868997072,5,0.484761047959319,2.3876571194015024
4492.046221876519,1,0.40032473520541273,3.831874516335721
4398.096319249884,20,0.23236499756433382,3.73649971131255
7485.693946459526,14,0.426355473680838,3.5131592134158396
2968.191631637872,8,0.10460812288756388,4.123724126116748
4250.479474914928,9,0.3803809789543476,4.227625794141332
5736.959547404227,10,0.1553557932302591,2.1472203152811784
4246.925707352071,3,0.07625163869886104,3.9148873488677287
6090.357075206269,14,0.009327537522640095,3.543170584732327
6887.884316142157,16,0.44501717755519643,1.0937650935801444
6134.191408588182,15,0.35830173161358875,2.2234998013285847
6426.733820205964,12,0.28748277455775084,2.425841597650937
5612.71487355097,4,0.28462727629975604,2.9839952039064848
6849.367554114342,16,0.0959523855351202,3.3193621169445158
4102.421167558645,6,0.2685315039050137,1.8767062671835308
4465.673854925107,7,0.28384711712915855,2.2071096133558434
7650.882725381898,4,0.15884036276435032,1.2637255306072626
4587.888922195946,5,0.4561819583688372,2.344333512407859
4863.434640838554,13,0.16882428226336532,3.3765584681338465
4000.822896581072,18,3.638270512196229e-06,1.6343894954717815
4585.097887046281,1,0.45469053845881485,1.8063439724219732
4722.074655238319,9,0.28582836564391784,1.6114614035607993
4702.302331851387,3,0.3523192729542405,3.8451259750374
2685.6081386061746,2,0.049763162432397035,4.263427595377289
3796.210649499332,6,0.35682902080468853,4.409904297800717
2353.6253758842395,9,0.32510960507870146,3.09545081149607
2377.944504966533,8,0.2675299080982044,1.0855912083870662
4282.878754598682,20,0.3677716115934953,3.2203845967663183
7709.132209642561,2,0.22701067095100214,4.064123914193782
5681.687076014916,17,0.3120979387949833,4.862086793802099
7810.7705085329635,7,0.4602889166756475,3.976167899655859
3544.7485328875646,12,0.023358646589619725,3.2638383717534167
7119.601011118187,17,0.29926000813383447,4.387715131191872
6842.380127381466,2,0.2827901256480978,4.962037158196951
4333.546085358736,3,0.1614520524458446,4.591425937424319
6037.905646362516,16,0.49396956160597266,1.52807173753417
4879.2576856052,14,0.05615475940685055,4.060594884547591
6878.907134206156,3,0.3584211068367728,3.677953068736189
5841.680216993817,10,0.168596173332223,4.9687815440392855
6087.848198278349,7,0.26948374370911754,4.309518638734415
5935.795002979681,3,0.23248411301480837,1.6703618656944563
4010.1884053179383,5,0.4049179291181808,4.404638853651877
2948.743461559075,6,0.3276919080456191,1.4440751493082948
6603.272971420861,15,0.050411929154931256,4.633604382226906
4377.378652396321,10,0.23859400998701613,3.9955259166073342
5128.525970678218,6,0.21132861164871486,3.0612179968552606
5522.624927985708,12,0.4383159364777862,4.8786729664343405
3830.020550586762,19,0.12833333766037308,4.904669127423169
5735.365423478717,16,0.06882211766165525,3.0684704876737823
4804.731337392601,6,0.13710044559830803,4.09657097110162
6521.13523667785,20,0.09841082934351186,1.6784599243173122
4140.103303574198,2,0.11830916138499736,1.430592108658613
3277.4274941014646,14,0.4943530695078221,2.5378199822737217
9348.149375981444,12,0.45733693395702296,2.4518485199716804
6623.327658958557,7,0.3871001324138056,2.0063979429881984
5048.659240072096,1,0.09979668697873384,4.03489251481311
4869.901649779493,5,0.3395552490013107,1.4673768007451957
5542.889744790161,13,0.2363367455538226,4.887747717689159
7325.945163802671,12,0.2611300468865794,1.4036840174998177
6301.806526407797,6,0.4920890481555678,3.7748690997065095
5052.408291318543,20,0.44960442024625485,1.221450772570292
5417.967066667574,11,0.27436258180084666,1.5051245355359946
3604.0945540362354,2,0.26386313130984945,4.197926459551859
5341.499502340232,2,0.018759219358019497,3.8904233019146894
4226.327609334101,1,0.10725678199011285,2.958325408429077
5276.85273644288,4,0.014075672288020757,4.9621282948668455
7426.643518185324,9,0.35046124119715943,3.5068907434378915
8261.038330011546,18,0.09910257630379882,3.4033055680926245
7128.031124497771,5,0.10521929574350047,4.2783659998170265
6313.132641265245,6,0.36806290353412824,3.395364125091357
5874.071809014274,7,0.06626040385684845,2.4639332033699954
5381.917978543624,7,0.08758105711628927,1.6260406882612162
5170.758889161732,10,0.48978683123898364,2.70354816054055
6744.333463695318,1,0.07600702338746507,2.9878389645463344
6229.092001349556,12,0.4730621958643319,2.102651776305449
5153.006979465815,18,0.3504173793532142,2.1061242606589046
6819.779811659924,8,0.43937755168539994,1.60491150964116
5587.744823579624,10,0.12823634500840347,1.720967249036533
5503.563761502422,5,0.25905840006334396,4.24362522449551
2462.985688106871,7,0.3471351012363214,2.5733736917647243
5416.769413432851,9,0.4033770797387092,3.9338347702781604
7105.12635695738,8,0.20724950628564343,3.92812108458178
3781.280556073443,19,0.39580144358778024,3.507232200840267
4687.243887888659,5,0.4487899819598026,2.521557323626199
5434.434909753974,1,0.30547368573931183,2.871454131824245
5995.120361944013,15,0.34218337363457013,2.8589989393450677
6002.348824805029,19,0.4810681118090796,4.944534744250207
1964.5586594760412,5,0.10654315828590138,1.2468135410625716
3976.957944384622,16,0.4215135074158313,3.7732580294656173
6039.433414153197,13,0.46482704180944706,4.756037839398235
5525.105612775659,4,0.3001048724213181,3.1989731399093486
5571.947096602565,6,0.3767634250500818,1.320070592629409
5665.851608049186,1,0.18029024607914423,1.966693102736123
7361.8672076633575,1,0.06915653632307406,3.154370467911354
5073.306315628497,3,0.4788130394419458,3.4540369811737732
3279.27052805613,19,0.037688734932142365,4.5735255897434115
6454.7253591730505,20,0.15537311616175203,3.6681851792904596
4223.725103861618,11,0.0744310195743853,1.2156535727582019
4461.747224503243,7,0.2947870783700895,2.5120911375430746
9150.255733127924,12,0.17077083207358373,1.5206081048051123
5533.895733692461,16,0.08586132122459078,3.088836043327112
5566.622740691032,2,0.046729277440077155,4.548582730666729
5879.568560324642,14,0.4310466996820833,1.2147090625504364
5488.549002103924,5,0.456439433286492,2.4033302768262548
5707.084473565762,13,0.022467058869226952,2.6690821996285266
7820.5890486563985,5,0.33466092737880615,2.8873133392998387
4118.549286247885,10,0.40888103819132926,1.7747692003963405
4713.08913026733,11,0.4725487211581875,4.389689609858987
5843.859453741547,7,0.2970972255365442,2.8114636772551647
3442.978104995584,13,0.34490038653857,2.819658300260161
3610.734332268057,6,0.26762470502391006,3.9848937092846284
4319.926504833511,19,0.17990823743964585,1.0743792145441367
7245.570485143287,1,0.432894028315582,1.9664508216903829
5845.353926339265,18,0.19221444917581876,3.54871478159584
5094.585473825867,17,0.30137966574458547,1.6592487073627282
7265.104000837796,1,0.49644178234176556,1.3898934044633227
5871.669894052689,6,0.24415423576909367,1.7687224557894972
3683.9871076801955,6,0.08963527358915707,2.875015473743887
5558.87580232699,5,0.2684190570806604,3.357844442945842
4570.771104434792,18,0.06981188866276344,3.401093418872712
4530.187602333812,18,0.12941949531049834,4.038581345390528
5859.910041226577,18,0.41950838574900384,1.490285414623954
3251.627815382726,18,0.14485731980426753,2.193132640485748
4497.529583863261,19,0.4492259221546462,2.9506344740488117
4539.336158149236,8,0.18177694021144214,1.2886990907310114
5680.599494857565,6,0.08986492475140351,2.5017733485783724
3498.7868690037676,18,0.32632371342783334,1.953766132236249
2334.3554473509025,7,0.0829672568623101,3.3229748564209416
5350.643915683524,17,0.2057357871735201,1.9373701711227413
4385.93966902597,19,0.3187314111893956,1.0369740274567785
3397.8457678167133,4,0.2792906827202343,3.3235085918270424
5503.563450012698,18,0.047831540720910615,4.320411646798526
1687.063199748597,14,0.14613777356592023,2.7029703971308545
4905.87415319161,6,0.29762726748372714,4.497481736404117
7400.772352258658,16,0.29297863007053854,1.22240451640684
5619.280692517979,15,0.2586542873372692,1.786110629570496
5745.116515347059,5,0.1820237956451446,4.3068973117958125
3958.59594017764,16,0.11697623785993927,4.321683603834733
5937.142942229407,13,0.3508328447931801,3.720235145289321
6294.814520228063,2,0.014095061678467136,3.5479166556157815
6783.415180199473,12,0.45600672558918254,3.9425026843146265
7516.808381061437,13,0.21505094586371243,3.3230056280086875
4784.2645335276275,10,0.42037018340925175,2.106391379282703
7635.21953147824,20,0.26669652271649824,1.5488368191503539
3672.927131821982,2,0.44958412949528237,2.427906069776861
4122.100889065126,12,0.3461831781433345,3.1374060200484917
5199.975120050102,7,0.17657518989728344,4.5442397767699525
5507.54606514219,8,0.2937685723133235,1.6391541836374963
2839.1907901860313,3,0.38274640796501613,4.021662699685992
4047.277606347976,18,0.4228100436914333,1.3651624143216758
4394.383604237571,3,0.1264929176659877,1.3948254849056738
7039.681365773879,15,0.11835904392118651,2.2151202612453527
8490.334767748569,13,0.31664100747322343,4.732713433613649
6386.361633691137,8,0.08498575826629096,3.5569147919271438
3856.987911879628,20,0.29795770412482653,4.130385471856865
4310.545857548939,20,0.4440032924465613,1.6098840401986
5918.584101458838,14,0.09252571473408355,3.1056239803390255
3313.5147380324224,17,0.13073854476952235,3.671652003521667
